日付,予防接種政策強度,1回あたり補助金_円,接種率_パーセント,インフルエンザ患者数,呼吸器系入院件数
2019-01-06,0.298,496,35.2,1503,198
2019-01-13,0.353,697,35.6,1452,202
2019-01-20,0.532,1357,69.4,5178,314
2019-01-27,0.697,2050,92.5,7082,796
2019-02-03,0.775,2732,95.1,7961,1319
2019-02-10,0.824,3003,95.2,8090,1828
2019-02-17,0.904,3009,94.9,8086,2257
2019-02-24,0.901,3011,94.5,7814,2611
2019-03-03,0.946,2995,94.8,7431,2877
2019-03-10,0.792,3000,94.7,6868,3069
2019-03-17,0.709,2994,94.6,6178,3176
2019-03-24,0.623,2996,95.5,5368,3191
2019-03-31,0.506,2997,95.1,4445,3144
2019-04-07,0.446,2995,95.1,3382,3003
2019-04-14,0.365,2970,94.9,2307,2805
2019-04-21,0.28,2834,94.9,1406,2537
2019-04-28,0.179,2591,95.3,745,2223
2019-05-05,0.104,2311,95.0,219,1928
2019-05-12,0.054,2008,95.2,46,1607
2019-05-19,0.041,1787,94.9,53,1355
2019-05-26,0.051,1563,94.9,46,1138
2019-06-02,0.056,1380,94.6,49,977
2019-06-09,0.05,1231,94.4,50,822
2019-06-16,0.039,1113,94.9,56,704
2019-06-23,0.049,989,95.0,49,586
2019-06-30,0.049,909,94.6,40,500
2019-07-07,0.06,824,95.0,52,410
2019-07-14,0.043,758,95.0,47,352
2019-07-21,0.048,727,94.4,50,296
2019-07-28,0.059,717,94.7,50,245
2019-08-04,0.052,657,95.1,49,213
2019-08-11,0.053,611,95.1,53,162
2019-08-18,0.051,590,94.7,44,138
2019-08-25,0.052,551,95.0,48,123
2019-09-01,0.054,566,95.3,53,106
2019-09-08,0.046,551,95.2,48,110
2019-09-15,0.11,616,95.0,44,83
2019-09-22,0.103,637,94.9,53,83
2019-09-29,0.211,867,94.8,54,79
2019-10-06,0.262,1055,95.1,50,62
2019-10-13,0.355,1348,95.1,42,51
2019-10-20,0.382,1623,95.2,53,46
2019-10-27,0.464,2024,95.0,248,23
2019-11-03,0.504,2312,95.2,710,51
2019-11-10,0.593,2722,95.0,1385,119
2019-11-17,0.67,2998,95.2,2183,233
2019-11-24,0.738,2998,95.3,3059,400
2019-12-01,0.847,2999,94.8,3904,614
2019-12-08,0.893,2997,94.5,4761,890
2019-12-15,0.944,2998,95.5,5506,1170
2019-12-22,0.947,3000,95.1,6315,1489
2019-12-29,0.947,3002,94.5,7014,1819
2020-01-05,0.957,2998,94.8,7611,2158
2020-01-12,0.952,2998,95.2,8064,2498
2020-01-19,0.949,3000,94.9,8432,2828
2020-01-26,0.952,2990,94.8,8653,3104
2020-02-02,0.939,3002,95.4,8791,3384
2020-02-09,0.95,3000,94.7,8786,3621
2020-02-16,0.957,3000,94.8,8563,3820
2020-02-23,0.951,3005,95.1,8247,3950
2020-03-01,0.95,2990,95.1,7727,4048
2020-03-08,0.863,2990,95.1,7163,4072
2020-03-15,0.776,3001,95.3,6400,4047
2020-03-22,0.655,3000,95.1,5527,3938
2020-03-29,0.557,3001,95.1,4569,3780
2020-04-05,0.463,2998,94.9,3501,3572
2020-04-12,0.407,3003,95.0,2365,3291
2020-04-19,0.328,2932,95.0,1537,2946
2020-04-26,0.251,2753,95.1,884,2589
2020-05-03,0.17,2506,95.2,269,2249
2020-05-10,0.079,2230,95.2,43,1904
2020-05-17,0.039,1980,95.0,49,1590
2020-05-24,0.049,1717,94.8,56,1336
2020-05-31,0.049,1529,95.0,48,1128
2020-06-07,0.048,1321,95.0,50,951
2020-06-14,0.055,1206,95.1,55,811
2020-06-21,0.056,1068,95.7,58,675
2020-06-28,0.049,1004,94.8,48,577
2020-07-05,0.039,921,95.1,50,488
2020-07-12,0.068,869,95.3,57,417
2020-07-19,0.053,772,95.0,44,330
2020-07-26,0.052,736,95.7,54,286
2020-08-02,0.055,698,94.9,46,278
2020-08-09,0.044,645,95.1,50,266
2020-08-16,0.06,618,94.8,49,203
2020-08-23,0.045,561,94.9,46,190
2020-08-30,0.054,503,95.1,46,161
2020-09-06,0.042,484,95.3,51,146
2020-09-13,0.151,660,95.1,54,114
2020-09-20,0.18,730,95.4,49,105
2020-09-27,0.252,952,95.0,50,85
2020-10-04,0.309,1246,94.9,52,80
2020-10-11,0.306,1438,95.8,46,59
2020-10-18,0.356,1712,95.1,53,57
2020-10-25,0.434,1962,94.8,276,56
2020-11-01,0.503,2315,94.8,734,76
2020-11-08,0.56,2680,94.7,1342,133
2020-11-15,0.631,2994,95.3,2124,240
2020-11-22,0.714,2998,94.9,2949,388
2020-11-29,0.789,3003,95.0,3828,607
2020-12-06,0.869,2997,95.0,4678,868
2020-12-13,0.946,3001,95.2,5516,1156
2020-12-20,0.947,2999,94.7,6308,1472
2020-12-27,0.948,3003,94.7,7011,1801
2021-01-03,0.943,3002,95.1,7611,2146
2021-01-10,0.947,2997,95.2,8032,2489
2021-01-17,0.946,2999,95.1,8458,2799
2021-01-24,0.954,3005,94.8,8716,3105
2021-01-31,0.954,3002,95.2,8822,3359
2021-02-07,0.949,2993,94.8,8751,3615
2021-02-14,0.948,3003,94.8,8676,3795
2021-02-21,0.951,2995,94.7,8314,3952
2021-02-28,0.946,3007,95.4,7873,4031
2021-03-07,0.807,3005,95.2,7228,4077
2021-03-14,0.684,3001,95.2,6482,4049
2021-03-21,0.608,3001,95.4,5596,3958
2021-03-28,0.502,2999,95.8,4642,3806
2021-04-04,0.423,3003,94.5,3601,3588
2021-04-11,0.341,2938,94.8,2433,3321
2021-04-18,0.256,2775,94.8,1562,2959
2021-04-25,0.227,2626,94.7,879,2587
2021-05-02,0.133,2355,94.7,408,2242
2021-05-09,0.077,2081,94.9,51,1922
2021-05-16,0.05,1830,94.6,52,1606
2021-05-23,0.043,1611,95.1,46,1350
2021-05-30,0.044,1429,95.0,50,1126
2021-06-06,0.05,1278,95.1,42,968
2021-06-13,0.055,1163,95.2,51,815
2021-06-20,0.039,1056,95.2,53,675
2021-06-27,0.052,944,94.9,49,580
2021-07-04,0.056,883,95.6,57,493
2021-07-11,0.049,738,95.1,46,398
2021-07-18,0.053,723,94.4,51,351
2021-07-25,0.046,681,94.7,50,296
2021-08-01,0.049,648,94.5,50,251
2021-08-08,0.042,627,95.0,50,213
2021-08-15,0.038,586,95.0,50,185
2021-08-22,0.055,589,94.9,53,157
2021-08-29,0.045,530,95.6,56,138
2021-09-05,0.048,523,95.2,50,120
2021-09-12,0.098,618,95.2,53,118
2021-09-19,0.152,728,94.7,47,96
2021-09-26,0.195,857,94.7,53,82
2021-10-03,0.253,1071,95.0,47,73
2021-10-10,0.405,1460,95.1,54,73
2021-10-17,0.413,1731,94.4,59,79
2021-10-24,0.481,2075,94.9,348,58
2021-10-31,0.49,2352,95.0,784,88
2021-11-07,0.572,2679,94.9,1421,140
2021-11-14,0.643,2995,94.8,2175,256
2021-11-21,0.609,2997,94.8,2850,420
2021-11-28,0.732,3005,94.9,3797,625
2021-12-05,0.8,3003,95.0,4659,880
2021-12-12,0.861,2999,95.2,5450,1162
2021-12-19,0.948,3003,95.3,6235,1483
2021-12-26,0.952,2994,94.9,6925,1810
2022-01-02,0.953,3000,94.9,7597,2119
2022-01-09,0.951,3001,95.1,8110,2471
2022-01-16,0.949,2998,95.2,8496,2821
2022-01-23,0.948,3002,94.9,8757,3121
2022-01-30,0.951,2996,95.2,8802,3383
2022-02-06,0.949,3003,95.3,8802,3626
2022-02-13,0.95,3003,95.4,8603,3811
2022-02-20,0.95,2985,95.5,8269,3983
2022-02-27,0.867,3006,94.7,7791,4054
2022-03-06,0.81,2985,95.0,7177,4081
2022-03-13,0.674,2997,95.0,6441,4054
2022-03-20,0.507,3005,95.0,5612,3956
2022-03-27,0.455,2998,94.8,4633,3806
2022-04-03,0.367,2993,94.6,3549,3584
2022-04-10,0.222,2758,95.0,2406,3290
2022-04-17,0.201,2593,94.8,1542,2972
2022-04-24,0.107,2256,95.0,898,2606
2022-05-01,0.058,1991,94.8,317,2255
2022-05-08,0.051,1747,94.7,58,1901
2022-05-15,0.056,1551,95.1,53,1592
2022-05-22,0.038,1324,95.0,50,1347
2022-05-29,0.058,1191,95.2,49,1135
2022-06-05,0.052,1077,95.7,54,945
2022-06-12,0.055,969,95.1,48,807
2022-06-19,0.044,907,95.1,55,680
2022-06-26,0.046,814,94.7,52,577
2022-07-03,0.051,743,94.6,51,503
2022-07-10,0.05,702,95.5,51,417
2022-07-17,0.051,663,94.7,49,378
2022-07-24,0.055,601,94.7,54,316
2022-07-31,0.041,591,95.0,47,265
2022-08-07,0.055,531,95.0,44,231
2022-08-14,0.05,515,94.7,52,203
2022-08-21,0.049,528,94.9,53,163
2022-08-28,0.043,513,95.4,52,143
2022-09-04,0.053,507,94.8,52,123
2022-09-11,0.106,581,94.6,49,121
2022-09-18,0.199,764,95.3,53,103
2022-09-25,0.231,951,95.1,50,104
2022-10-02,0.289,1206,94.8,48,82
2022-10-09,0.327,1384,94.5,49,73
2022-10-16,0.399,1690,94.8,58,60
2022-10-23,0.526,2134,95.0,277,51
2022-10-30,0.6,2569,95.3,752,80
2022-11-06,0.661,3000,94.7,1366,151
2022-11-13,0.73,3001,95.0,2247,256
2022-11-20,0.752,2991,95.2,2998,433
2022-11-27,0.827,2997,94.3,3882,639
2022-12-04,0.908,3001,95.3,4798,894
2022-12-11,0.942,2995,94.6,5538,1194
2022-12-18,0.952,3005,95.1,6334,1506
2022-12-25,0.941,2994,95.1,7059,1838
2023-01-01,0.954,2999,95.3,7705,2179
2023-01-08,0.951,2997,95.2,8178,2512
2023-01-15,0.962,3001,94.3,8554,2821
2023-01-22,0.944,2997,94.8,8813,3134
2023-01-29,0.949,2999,95.0,8866,3410
2023-02-05,0.959,2999,94.9,8831,3656
2023-02-12,0.956,2996,95.1,8636,3839
2023-02-19,0.947,3002,95.2,8207,3981
2023-02-26,0.951,3001,95.2,7814,4069
2023-03-05,0.819,3000,94.9,7183,4097
2023-03-12,0.715,2998,94.4,6458,4079
2023-03-19,0.63,3004,94.9,5587,3978
2023-03-26,0.52,2999,95.1,4605,3815
2023-04-02,0.423,2998,94.7,3571,3584
2023-04-09,0.262,2813,95.2,2446,3298
2023-04-16,0.229,2646,95.3,1734,2957
2023-04-23,0.124,2345,95.0,1021,2646
2023-04-30,0.042,2017,94.1,425,2297
2023-05-07,0.055,1743,94.6,47,1953
2023-05-14,0.052,1548,95.6,46,1663
2023-05-21,0.118,1492,94.8,55,1412
2023-05-28,0.049,1284,94.4,55,1189
2023-06-04,0.042,1170,95.4,46,1001
2023-06-11,0.045,1051,95.0,54,854
2023-06-18,0.047,973,95.3,50,719
2023-06-25,0.056,844,95.1,51,613
2023-07-02,0.047,789,95.1,52,508
2023-07-09,0.053,742,95.1,54,423
2023-07-16,0.047,698,95.2,50,362
2023-07-23,0.051,644,95.7,56,301
2023-07-30,0.049,585,95.3,51,252
2023-08-06,0.054,556,94.5,52,219
2023-08-13,0.047,535,95.1,47,194
2023-08-20,0.042,504,95.3,59,171
2023-08-27,0.043,492,95.4,52,129
2023-09-03,0.047,484,94.9,53,115
2023-09-10,0.125,612,95.3,44,96
2023-09-17,0.178,732,95.3,47,73
2023-09-24,0.101,709,95.8,55,65
2023-10-01,0.24,934,94.8,51,46
2023-10-08,0.249,1103,94.8,42,39
2023-10-15,0.299,1317,94.9,54,32
2023-10-22,0.396,1628,94.9,228,29
2023-10-29,0.451,1948,94.7,774,59
2023-11-05,0.503,2264,94.2,1399,121
2023-11-12,0.604,2729,94.9,2160,267
2023-11-19,0.642,2993,95.1,3048,422
2023-11-26,0.77,3006,94.9,3878,642
2023-12-03,0.89,3000,95.6,4743,890
2023-12-10,0.947,2994,95.0,5606,1185
2023-12-17,0.955,3006,95.4,6379,1515
2023-12-24,0.949,3003,95.1,7063,1850
2023-12-31,0.947,2994,95.2,7653,2188
2024-01-07,0.939,3009,95.1,8175,2527
2024-01-14,0.953,3003,95.4,8515,2857
2024-01-21,0.949,3000,95.0,8704,3166
2024-01-28,0.945,3008,95.1,8702,3416
2024-02-04,0.951,3001,95.1,8732,3651
2024-02-11,0.947,3000,94.9,8566,3833
2024-02-18,0.947,2997,95.1,8222,3966
2024-02-25,0.953,3003,95.7,7816,4062
2024-03-03,0.846,3002,94.9,7220,4091
2024-03-10,0.723,3000,95.1,6456,4079
2024-03-17,0.628,2996,95.4,5582,3968
2024-03-24,0.551,3001,95.3,4605,3817
2024-03-31,0.406,3000,95.0,3551,3583
2024-04-07,0.344,2930,94.3,2337,3303
2024-04-14,0.255,2752,95.2,1501,2956
2024-04-21,0.145,2527,94.3,853,2618
2024-04-28,0.055,2162,95.4,311,2254
2024-05-05,0.05,1869,95.1,47,1922
2024-05-12,0.05,1657,95.3,50,1596
2024-05-19,0.05,1483,94.7,50,1353
2024-05-26,0.05,1305,94.5,46,1137
2024-06-02,0.049,1141,95.1,50,954
2024-06-09,0.043,1070,95.0,50,809
2024-06-16,0.047,1000,94.9,55,671
2024-06-23,0.055,903,95.0,55,583
2024-06-30,0.043,822,95.8,49,488
2024-07-07,0.049,737,95.3,49,419
2024-07-14,0.046,688,95.3,53,348
2024-07-21,0.051,634,95.3,48,315
2024-07-28,0.048,571,95.4,52,262
2024-08-04,0.057,579,94.9,50,221
2024-08-11,0.053,552,94.4,46,187
2024-08-18,0.043,506,94.9,46,159
2024-08-25,0.053,491,95.2,56,140
2024-09-01,0.046,474,94.7,49,116
2024-09-08,0.155,629,94.9,57,105
2024-09-15,0.194,772,94.8,48,91
2024-09-22,0.237,933,95.5,51,83
2024-09-29,0.248,1139,95.2,60,74
